0,enc0rv,rvr00e,enc0rv@naver.com
1,iya1yo,y1ioyy,iya1yo@naver.com
2,ogf2kt,2gf22f,ogf2kt@naver.com
3,uft3ku,3ututu,uft3ku@gmail.com
4,bvg4jd,dj4gjg,bvg4jd@naver.com
5,opm5hy,5phymp,opm5hy@gmail.com
6,lrv6rs,sv6l6s,lrv6rs@daum.net
7,znb7xc,znxxzn,znb7xc@gmail.com
8,sij8mo,8im8ii,sij8mo@gmail.com
9,meh9fy,effm9h,meh9fy@daum.net
10,fwf10ip,fpifipw,fwf10ip@daum.net
11,wrv11tx,vv11vxt,wrv11tx@daum.net
12,jwu12vb,w112b21,jwu12vb@gmail.com
13,bqw13tm,qb33mmq,bqw13tm@daum.net
14,luk14wc,1lw1lc4,luk14wc@daum.net
15,pqf15sb,pbpqq51,pqf15sb@gmail.com
16,kmm16is,mmi1iks,kmm16is@daum.net
17,ctk17sw,tsw11cs,ctk17sw@naver.com
18,xvk18uv,kkkkv1u,xvk18uv@naver.com
19,swx19go,ggx1sss,swx19go@daum.net
20,bfd20yw,bwydwdw,bfd20yw@naver.com
21,tql21ry,yql2rty,tql21ry@naver.com
22,syh22rx,rhxsxhh,syh22rx@daum.net
23,lnj23lg,nggjjnn,lnj23lg@gmail.com
24,man24ak,aank2am,man24ak@gmail.com
25,tak25to,ktttoak,tak25to@daum.net
26,sgr26nt,ggrsggg,sgr26nt@daum.net
27,jup27dg,gjpggg2,jup27dg@naver.com
28,fwo28yo,ofwyowo,fwo28yo@daum.net
29,szr29oo,sro99oo,szr29oo@naver.com
30,tax30mh,3xta0a3,tax30mh@gmail.com
31,ucd31gl,c1u3uc1,ucd31gl@naver.com
32,aet32ol,tlea33a,aet32ol@naver.com
33,lks33li,k3llllk,lks33li@gmail.com
34,wrz34es,4szsews,wrz34es@daum.net
35,bqj35wp,jq53jq5,bqj35wp@daum.net
36,hko36su,hsuukkh,hko36su@daum.net
37,hle37rg,ghl3e73,hle37rg@gmail.com
38,cko38ha,haoakah,cko38ha@gmail.com
39,kpe39ry,kkpre9k,kpe39ry@gmail.com
40,sqj40we,qssq44j,sqj40we@daum.net
41,rkz41mq,4rk1r1q,rkz41mq@naver.com
42,vvu42gv,v4v2222,vvu42gv@gmail.com
43,skw43hk,hkws3wk,skw43hk@gmail.com
44,eog44mv,v4mm4me,eog44mv@naver.com
45,mug45so,m45ssom,mug45so@daum.net
46,euz46ry,ruzryu6,euz46ry@daum.net
47,rqy47cn,7447q7y,rqy47cn@gmail.com
48,lkk48ej,klee4k4,lkk48ej@gmail.com
49,xzz49mv,99v99vv,xzz49mv@naver.com
